antecedent,consequent,support,confidence,lift
SMALL DOLLY MIX DESIGN ORANGE BOWL,SMALL MARSHMALLOWS PINK BOWL,0.0817,0.802,8.8307
SMALL MARSHMALLOWS PINK BOWL,SMALL DOLLY MIX DESIGN ORANGE BOWL,0.0817,0.9,8.8307
FLORAL FOLK STATIONERY SET + SUKI  SHOULDER BAG,ROTATING LEAVES T-LIGHT HOLDER,0.0838,0.8737,8.406
ROTATING LEAVES T-LIGHT HOLDER,FLORAL FOLK STATIONERY SET + SUKI  SHOULDER BAG,0.0838,0.8058,8.406
GARDENERS KNEELING PAD CUP OF TEA,GARDENERS KNEELING PAD KEEP CALM,0.0827,0.9318,8.3948
GARDENERS KNEELING PAD KEEP CALM,GARDENERS KNEELING PAD CUP OF TEA,0.0827,0.7455,8.3948
SUKI  SHOULDER BAG,FLORAL FOLK STATIONERY SET + SKULL SHOULDER BAG,0.0827,0.7009,8.368
FLORAL FOLK STATIONERY SET + SKULL SHOULDER BAG,SUKI  SHOULDER BAG,0.0827,0.988,8.368
ROTATING LEAVES T-LIGHT HOLDER + SKULL SHOULDER BAG,SUKI  SHOULDER BAG,0.0817,0.9878,8.3668
SUKI  SHOULDER BAG,ROTATING LEAVES T-LIGHT HOLDER + SKULL SHOULDER BAG,0.0817,0.6923,8.3668
FLORAL FOLK STATIONERY SET,MODERN FLORAL STATIONERY SET + SUKI  SHOULDER BAG,0.0827,0.7523,8.2836
MODERN FLORAL STATIONERY SET + SUKI  SHOULDER BAG,FLORAL FOLK STATIONERY SET,0.0827,0.9111,8.2836
SUKI  SHOULDER BAG,JAM MAKING SET PRINTED + ROTATING LEAVES T-LIGHT HOLDER,0.0817,0.6923,8.266
JAM MAKING SET PRINTED + ROTATING LEAVES T-LIGHT HOLDER,SUKI  SHOULDER BAG,0.0817,0.9759,8.266
JAM MAKING SET PRINTED + SKULL SHOULDER BAG,SUKI  SHOULDER BAG,0.0838,0.9651,8.1746
SUKI  SHOULDER BAG,JAM MAKING SET PRINTED + SKULL SHOULDER BAG,0.0838,0.7094,8.1746
SUKI  SHOULDER BAG,FLORAL FOLK STATIONERY SET + ROTATING LEAVES T-LIGHT HOLDER,0.0838,0.7094,8.1746
FLORAL FOLK STATIONERY SET + ROTATING LEAVES T-LIGHT HOLDER,SUKI  SHOULDER BAG,0.0838,0.9651,8.1746
ROTATING LEAVES T-LIGHT HOLDER + SUKI  SHOULDER BAG,FLORAL FOLK STATIONERY SET,0.0838,0.8925,8.1141
FLORAL FOLK STATIONERY SET,ROTATING LEAVES T-LIGHT HOLDER + SUKI  SHOULDER BAG,0.0838,0.7615,8.1141
SUKI  SHOULDER BAG,FLORAL FOLK STATIONERY SET + JAM MAKING SET PRINTED,0.0838,0.7094,8.0807
FLORAL FOLK STATIONERY SET + JAM MAKING SET PRINTED,SUKI  SHOULDER BAG,0.0838,0.954,8.0807
JAM MAKING SET PRINTED + SUKI  SHOULDER BAG,ROTATING LEAVES T-LIGHT HOLDER,0.0817,0.8351,8.0343
ROTATING LEAVES T-LIGHT HOLDER,JAM MAKING SET PRINTED + SUKI  SHOULDER BAG,0.0817,0.7864,8.0343
FLORAL FOLK STATIONERY SET + SUKI  SHOULDER BAG,MODERN FLORAL STATIONERY SET,0.0827,0.8632,7.9943
MODERN FLORAL STATIONERY SET,FLORAL FOLK STATIONERY SET + SUKI  SHOULDER BAG,0.0827,0.7664,7.9943
JAM MAKING SET PRINTED + MODERN FLORAL STATIONERY SET,SUKI  SHOULDER BAG,0.0807,0.9412,7.9718
SUKI  SHOULDER BAG,JAM MAKING SET PRINTED + MODERN FLORAL STATIONERY SET,0.0807,0.6838,7.9718
SKULL SHOULDER BAG + SUKI  SHOULDER BAG,ROTATING LEAVES T-LIGHT HOLDER,0.0817,0.8265,7.9523
ROTATING LEAVES T-LIGHT HOLDER,SKULL SHOULDER BAG + SUKI  SHOULDER BAG,0.0817,0.7864,7.9523
JAM MAKING SET PRINTED + SUKI  SHOULDER BAG,FLORAL FOLK STATIONERY SET,0.0838,0.8557,7.7795
FLORAL FOLK STATIONERY SET,JAM MAKING SET PRINTED + SUKI  SHOULDER BAG,0.0838,0.7615,7.7795
FLORAL FOLK STATIONERY SET,MODERN FLORAL STATIONERY SET,0.0918,0.8349,7.7322
MODERN FLORAL STATIONERY SET,FLORAL FOLK STATIONERY SET,0.0918,0.8505,7.7322
ROTATING LEAVES T-LIGHT HOLDER,SUKI  SHOULDER BAG,0.0938,0.9029,7.6477
SUKI  SHOULDER BAG,ROTATING LEAVES T-LIGHT HOLDER,0.0938,0.7949,7.6477
JAM MAKING SET PRINTED + SUKI  SHOULDER BAG,MODERN FLORAL STATIONERY SET,0.0807,0.8247,7.6385
MODERN FLORAL STATIONERY SET,JAM MAKING SET PRINTED + SUKI  SHOULDER BAG,0.0807,0.7477,7.6385
FLORAL FOLK STATIONERY SET + MODERN FLORAL STATIONERY SET,SUKI  SHOULDER BAG,0.0827,0.9011,7.6324
SUKI  SHOULDER BAG,FLORAL FOLK STATIONERY SET + MODERN FLORAL STATIONERY SET,0.0827,0.7009,7.6324
SKULL SHOULDER BAG + SUKI  SHOULDER BAG,FLORAL FOLK STATIONERY SET,0.0827,0.8367,7.6074
FLORAL FOLK STATIONERY SET,SKULL SHOULDER BAG + SUKI  SHOULDER BAG,0.0827,0.7523,7.6074
FLORAL FOLK STATIONERY SET,ROTATING LEAVES T-LIGHT HOLDER,0.0868,0.789,7.5912
ROTATING LEAVES T-LIGHT HOLDER,FLORAL FOLK STATIONERY SET,0.0868,0.835,7.5912
CHARLIE+LOLA PINK HOT WATER BOTTLE,SUKI  SHOULDER BAG,0.0817,0.8901,7.5393
SUKI  SHOULDER BAG,CHARLIE+LOLA PINK HOT WATER BOTTLE,0.0817,0.6923,7.5393
FLORAL FOLK STATIONERY SET,SUKI  SHOULDER BAG,0.0959,0.8716,7.3822
SUKI  SHOULDER BAG,FLORAL FOLK STATIONERY SET,0.0959,0.812,7.3822
SKULL SHOULDER BAG,ROTATING LEAVES T-LIGHT HOLDER + SUKI  SHOULDER BAG,0.0817,0.6864,7.3147
ROTATING LEAVES T-LIGHT HOLDER + SUKI  SHOULDER BAG,SKULL SHOULDER BAG,0.0817,0.871,7.3147
SUKI  SHOULDER BAG,AIRLINE BAG VINTAGE TOKYO 78,0.0827,0.7009,7.311
AIRLINE BAG VINTAGE TOKYO 78,SUKI  SHOULDER BAG,0.0827,0.8632,7.311
SKULL SHOULDER BAG,FLORAL FOLK STATIONERY SET + SUKI  SHOULDER BAG,0.0827,0.6949,7.2491
FLORAL FOLK STATIONERY SET + SUKI  SHOULDER BAG,SKULL SHOULDER BAG,0.0827,0.8632,7.2491
ROTATING LEAVES T-LIGHT HOLDER,MODERN FLORAL STATIONERY SET,0.0807,0.7767,7.1935
MODERN FLORAL STATIONERY SET,ROTATING LEAVES T-LIGHT HOLDER,0.0807,0.7477,7.1935
JAM MAKING SET PRINTED + SUKI  SHOULDER BAG,SKULL SHOULDER BAG,0.0838,0.8557,7.1862
SKULL SHOULDER BAG,JAM MAKING SET PRINTED + SUKI  SHOULDER BAG,0.0838,0.7034,7.1862
SUKI  SHOULDER BAG,MODERN FLORAL STATIONERY SET,0.0908,0.7692,7.1244
MODERN FLORAL STATIONERY SET,SUKI  SHOULDER BAG,0.0908,0.8411,7.1244
SKULL SHOULDER BAG,SUKI  SHOULDER BAG,0.0989,0.8305,7.0345
SUKI  SHOULDER BAG,SKULL SHOULDER BAG,0.0989,0.8376,7.0345
ROTATING LEAVES T-LIGHT HOLDER,SKULL SHOULDER BAG,0.0827,0.7961,6.686
SKULL SHOULDER BAG,ROTATING LEAVES T-LIGHT HOLDER,0.0827,0.6949,6.686
FLORAL FOLK STATIONERY SET,SKULL SHOULDER BAG,0.0838,0.7615,6.395
SKULL SHOULDER BAG,FLORAL FOLK STATIONERY SET,0.0838,0.7034,6.395
PAPER CHAIN KIT 50'S CHRISTMAS + REGENCY CAKESTAND 3 TIER,PAPER CHAIN KIT VINTAGE CHRISTMAS,0.0807,0.8602,6.3146
PAPER CHAIN KIT VINTAGE CHRISTMAS,PAPER CHAIN KIT 50'S CHRISTMAS + REGENCY CAKESTAND 3 TIER,0.0807,0.5926,6.3146
SKULL SHOULDER BAG,MODERN FLORAL STATIONERY SET,0.0807,0.678,6.2791
MODERN FLORAL STATIONERY SET,SKULL SHOULDER BAG,0.0807,0.7477,6.2791
PAPER CHAIN KIT VINTAGE CHRISTMAS,60 CAKE CASES VINTAGE CHRISTMAS + PAPER CHAIN KIT 50'S CHRISTMAS,0.0817,0.6,6.2589
60 CAKE CASES VINTAGE CHRISTMAS + PAPER CHAIN KIT 50'S CHRISTMAS,PAPER CHAIN KIT VINTAGE CHRISTMAS,0.0817,0.8526,6.2589
SET OF 20 VINTAGE CHRISTMAS NAPKINS,60 CAKE CASES VINTAGE CHRISTMAS,0.0827,0.7961,6.2122
60 CAKE CASES VINTAGE CHRISTMAS,SET OF 20 VINTAGE CHRISTMAS NAPKINS,0.0827,0.6457,6.2122
PINK REGENCY TEACUP AND SAUCER,GREEN REGENCY TEACUP AND SAUCER + ROSES REGENCY TEACUP AND SAUCER,0.0807,0.7921,6.1324
GREEN REGENCY TEACUP AND SAUCER + ROSES REGENCY TEACUP AND SAUCER,PINK REGENCY TEACUP AND SAUCER,0.0807,0.625,6.1324
PAPER CHAIN KIT VINTAGE CHRISTMAS + REGENCY CAKESTAND 3 TIER,PAPER CHAIN KIT 50'S CHRISTMAS,0.0807,0.9524,6.0115
PAPER CHAIN KIT 50'S CHRISTMAS,PAPER CHAIN KIT VINTAGE CHRISTMAS + REGENCY CAKESTAND 3 TIER,0.0807,0.5096,6.0115
GREEN REGENCY TEACUP AND SAUCER,PINK REGENCY TEACUP AND SAUCER + ROSES REGENCY TEACUP AND SAUCER,0.0807,0.5298,5.9663
PINK REGENCY TEACUP AND SAUCER + ROSES REGENCY TEACUP AND SAUCER,GREEN REGENCY TEACUP AND SAUCER,0.0807,0.9091,5.9663
PAPER CHAIN KIT 50'S CHRISTMAS,60 CAKE CASES VINTAGE CHRISTMAS + PAPER CHAIN KIT VINTAGE CHRISTMAS,0.0817,0.5159,5.8768
60 CAKE CASES VINTAGE CHRISTMAS + PAPER CHAIN KIT VINTAGE CHRISTMAS,PAPER CHAIN KIT 50'S CHRISTMAS,0.0817,0.931,5.8768
NATURAL SLATE HEART CHALKBOARD,SUKI  SHOULDER BAG,0.0807,0.6897,5.8414
SUKI  SHOULDER BAG,NATURAL SLATE HEART CHALKBOARD,0.0807,0.6838,5.8414
PINK REGENCY TEACUP AND SAUCER,GREEN REGENCY TEACUP AND SAUCER,0.0888,0.8713,5.7182
GREEN REGENCY TEACUP AND SAUCER,PINK REGENCY TEACUP AND SAUCER,0.0888,0.5828,5.7182
ROSES REGENCY TEACUP AND SAUCER,GREEN REGENCY TEACUP AND SAUCER + PINK REGENCY TEACUP AND SAUCER,0.0807,0.5031,5.6661
GREEN REGENCY TEACUP AND SAUCER + PINK REGENCY TEACUP AND SAUCER,ROSES REGENCY TEACUP AND SAUCER,0.0807,0.9091,5.6661
STRAWBERRY CHARLOTTE BAG,CHARLOTTE BAG SUKI DESIGN + WOODLAND CHARLOTTE BAG,0.0817,0.609,5.5883
CHARLOTTE BAG SUKI DESIGN + WOODLAND CHARLOTTE BAG,STRAWBERRY CHARLOTTE BAG,0.0817,0.75,5.5883
CHARLOTTE BAG SUKI DESIGN + STRAWBERRY CHARLOTTE BAG,WOODLAND CHARLOTTE BAG,0.0817,0.8901,5.5478
WOODLAND CHARLOTTE BAG,CHARLOTTE BAG SUKI DESIGN + STRAWBERRY CHARLOTTE BAG,0.0817,0.5094,5.5478
RED RETROSPOT CHARLOTTE BAG + STRAWBERRY CHARLOTTE BAG,CHARLOTTE BAG PINK POLKADOT,0.0848,0.8077,5.5202
CHARLOTTE BAG PINK POLKADOT,RED RETROSPOT CHARLOTTE BAG + STRAWBERRY CHARLOTTE BAG,0.0848,0.5793,5.5202
CHARLOTTE BAG PINK POLKADOT + RED RETROSPOT CHARLOTTE BAG,STRAWBERRY CHARLOTTE BAG,0.0848,0.7368,5.4903
STRAWBERRY CHARLOTTE BAG,CHARLOTTE BAG PINK POLKADOT + RED RETROSPOT CHARLOTTE BAG,0.0848,0.6316,5.4903
PAPER CHAIN KIT 50'S CHRISTMAS,PAPER CHAIN KIT VINTAGE CHRISTMAS,0.1181,0.7452,5.4705
PAPER CHAIN KIT VINTAGE CHRISTMAS,PAPER CHAIN KIT 50'S CHRISTMAS,0.1181,0.8667,5.4705
CHARLOTTE BAG SUKI DESIGN + RED RETROSPOT CHARLOTTE BAG,CHARLOTTE BAG PINK POLKADOT,0.0888,0.8,5.4676
CHARLOTTE BAG PINK POLKADOT,CHARLOTTE BAG SUKI DESIGN + RED RETROSPOT CHARLOTTE BAG,0.0888,0.6069,5.4676
RED RETROSPOT CHARLOTTE BAG + WOODLAND CHARLOTTE BAG,STRAWBERRY CHARLOTTE BAG,0.0858,0.7328,5.4599
STRAWBERRY CHARLOTTE BAG,RED RETROSPOT CHARLOTTE BAG + WOODLAND CHARLOTTE BAG,0.0858,0.6391,5.4599
PINK REGENCY TEACUP AND SAUCER,ROSES REGENCY TEACUP AND SAUCER,0.0888,0.8713,5.4305
ROSES REGENCY TEACUP AND SAUCER,PINK REGENCY TEACUP AND SAUCER,0.0888,0.5535,5.4305
STRAWBERRY CHARLOTTE BAG,PACK OF 72 RETROSPOT CAKE CASES + RED RETROSPOT CHARLOTTE BAG,0.0807,0.6015,5.419
PACK OF 72 RETROSPOT CAKE CASES + RED RETROSPOT CHARLOTTE BAG,STRAWBERRY CHARLOTTE BAG,0.0807,0.7273,5.419
REGENCY CAKESTAND 3 TIER + ROSES REGENCY TEACUP AND SAUCER,GREEN REGENCY TEACUP AND SAUCER,0.0898,0.8241,5.4083
GREEN REGENCY TEACUP AND SAUCER,REGENCY CAKESTAND 3 TIER + ROSES REGENCY TEACUP AND SAUCER,0.0898,0.5894,5.4083
PAPER CHAIN KIT 50'S CHRISTMAS + PAPER CHAIN KIT VINTAGE CHRISTMAS,60 CAKE CASES VINTAGE CHRISTMAS,0.0817,0.6923,5.4022
60 CAKE CASES VINTAGE CHRISTMAS,PAPER CHAIN KIT 50'S CHRISTMAS + PAPER CHAIN KIT VINTAGE CHRISTMAS,0.0817,0.6378,5.4022
ROSES REGENCY TEACUP AND SAUCER,GREEN REGENCY TEACUP AND SAUCER + REGENCY CAKESTAND 3 TIER,0.0898,0.5597,5.3855
GREEN REGENCY TEACUP AND SAUCER + REGENCY CAKESTAND 3 TIER,ROSES REGENCY TEACUP AND SAUCER,0.0898,0.8641,5.3855
CHARLOTTE BAG SUKI DESIGN,CHARLOTTE BAG PINK POLKADOT + WOODLAND CHARLOTTE BAG,0.0838,0.557,5.308
CHARLOTTE BAG PINK POLKADOT + WOODLAND CHARLOTTE BAG,CHARLOTTE BAG SUKI DESIGN,0.0838,0.7981,5.308
ROSES REGENCY TEACUP AND SAUCER,GREEN REGENCY TEACUP AND SAUCER,0.1292,0.805,5.2834
GREEN REGENCY TEACUP AND SAUCER,ROSES REGENCY TEACUP AND SAUCER,0.1292,0.8477,5.2834
PACK OF 72 RETROSPOT CAKE CASES + RED RETROSPOT CHARLOTTE BAG,CHARLOTTE BAG PINK POLKADOT,0.0858,0.7727,5.2812
CHARLOTTE BAG PINK POLKADOT,PACK OF 72 RETROSPOT CAKE CASES + RED RETROSPOT CHARLOTTE BAG,0.0858,0.5862,5.2812
CHARLOTTE BAG PINK POLKADOT,CHARLOTTE BAG SUKI DESIGN + WOODLAND CHARLOTTE BAG,0.0838,0.5724,5.2524
CHARLOTTE BAG SUKI DESIGN + WOODLAND CHARLOTTE BAG,CHARLOTTE BAG PINK POLKADOT,0.0838,0.7685,5.2524
RED RETROSPOT CHARLOTTE BAG + WOODLAND CHARLOTTE BAG,CHARLOTTE BAG PINK POLKADOT,0.0898,0.7672,5.2437
CHARLOTTE BAG PINK POLKADOT,RED RETROSPOT CHARLOTTE BAG + WOODLAND CHARLOTTE BAG,0.0898,0.6138,5.2437
CHARLOTTE BAG PINK POLKADOT,PACK OF 72 RETROSPOT CAKE CASES + WOODLAND CHARLOTTE BAG,0.0827,0.5655,5.2376
PACK OF 72 RETROSPOT CAKE CASES + WOODLAND CHARLOTTE BAG,CHARLOTTE BAG PINK POLKADOT,0.0827,0.7664,5.2376
STRAWBERRY CHARLOTTE BAG + WOODLAND CHARLOTTE BAG,CHARLOTTE BAG SUKI DESIGN,0.0817,0.7864,5.2304
CHARLOTTE BAG SUKI DESIGN,STRAWBERRY CHARLOTTE BAG + WOODLAND CHARLOTTE BAG,0.0817,0.5436,5.2304
VINTAGE HEADS AND TAILS CARD GAME,VINTAGE SNAP CARDS,0.0848,0.7568,5.1366
VINTAGE SNAP CARDS,VINTAGE HEADS AND TAILS CARD GAME,0.0848,0.5753,5.1366
CHARLOTTE BAG PINK POLKADOT + RED RETROSPOT CHARLOTTE BAG,CHARLOTTE BAG SUKI DESIGN,0.0888,0.7719,5.1341
CHARLOTTE BAG SUKI DESIGN,CHARLOTTE BAG PINK POLKADOT + RED RETROSPOT CHARLOTTE BAG,0.0888,0.5906,5.1341
CHARLOTTE BAG PINK POLKADOT + STRAWBERRY CHARLOTTE BAG,RED RETROSPOT CHARLOTTE BAG,0.0848,0.8936,5.1189
RED RETROSPOT CHARLOTTE BAG,CHARLOTTE BAG PINK POLKADOT + STRAWBERRY CHARLOTTE BAG,0.0848,0.4855,5.1189
WOODLAND CHARLOTTE BAG,CHARLOTTE BAG PINK POLKADOT + PACK OF 72 RETROSPOT CAKE CASES,0.0827,0.5157,5.1108
CHARLOTTE BAG PINK POLKADOT + PACK OF 72 RETROSPOT CAKE CASES,WOODLAND CHARLOTTE BAG,0.0827,0.82,5.1108
WOODLAND CHARLOTTE BAG,RED RETROSPOT CHARLOTTE BAG + STRAWBERRY CHARLOTTE BAG,0.0858,0.5346,5.094
RED RETROSPOT CHARLOTTE BAG + STRAWBERRY CHARLOTTE BAG,WOODLAND CHARLOTTE BAG,0.0858,0.8173,5.094
60 CAKE CASES VINTAGE CHRISTMAS,PAPER CHAIN KIT VINTAGE CHRISTMAS,0.0878,0.685,5.0287
PAPER CHAIN KIT VINTAGE CHRISTMAS,60 CAKE CASES VINTAGE CHRISTMAS,0.0878,0.6444,5.0287
SUKI  SHOULDER BAG,VINTAGE SNAP CARDS,0.0858,0.7265,4.9312
VINTAGE SNAP CARDS,SUKI  SHOULDER BAG,0.0858,0.5822,4.9312
RED RETROSPOT CHARLOTTE BAG + WOODLAND CHARLOTTE BAG,CHARLOTTE BAG SUKI DESIGN,0.0868,0.7414,4.9309
CHARLOTTE BAG SUKI DESIGN,RED RETROSPOT CHARLOTTE BAG + WOODLAND CHARLOTTE BAG,0.0868,0.5772,4.9309
CHARLOTTE BAG SUKI DESIGN,CHARLOTTE BAG PINK POLKADOT,0.108,0.7181,4.908
CHARLOTTE BAG PINK POLKADOT,CHARLOTTE BAG SUKI DESIGN,0.108,0.7379,4.908
CHARLOTTE BAG PINK POLKADOT + WOODLAND CHARLOTTE BAG,RED RETROSPOT CHARLOTTE BAG,0.0898,0.8558,4.9021
RED RETROSPOT CHARLOTTE BAG,CHARLOTTE BAG PINK POLKADOT + WOODLAND CHARLOTTE BAG,0.0898,0.5145,4.9021
ALARM CLOCK BAKELIKE RED,ALARM CLOCK BAKELIKE GREEN,0.0868,0.6719,4.8958
ALARM CLOCK BAKELIKE GREEN,ALARM CLOCK BAKELIKE RED,0.0868,0.6324,4.8958
CHARLOTTE BAG SUKI DESIGN + RED RETROSPOT CHARLOTTE BAG,WOODLAND CHARLOTTE BAG,0.0868,0.7818,4.8728
WOODLAND CHARLOTTE BAG,CHARLOTTE BAG SUKI DESIGN + RED RETROSPOT CHARLOTTE BAG,0.0868,0.5409,4.8728
CHARLOTTE BAG PINK POLKADOT + PACK OF 72 RETROSPOT CAKE CASES,RED RETROSPOT CHARLOTTE BAG,0.0858,0.85,4.8691
RED RETROSPOT CHARLOTTE BAG,CHARLOTTE BAG PINK POLKADOT + PACK OF 72 RETROSPOT CAKE CASES,0.0858,0.4913,4.8691
CHARLOTTE BAG PINK POLKADOT + RED RETROSPOT CHARLOTTE BAG,WOODLAND CHARLOTTE BAG,0.0898,0.7807,4.8659
WOODLAND CHARLOTTE BAG,CHARLOTTE BAG PINK POLKADOT + RED RETROSPOT CHARLOTTE BAG,0.0898,0.5597,4.8659
RED TOADSTOOL LED NIGHT LIGHT,SUKI  SHOULDER BAG,0.0827,0.5734,4.857
SUKI  SHOULDER BAG,RED TOADSTOOL LED NIGHT LIGHT,0.0827,0.7009,4.857
PAPER CHAIN KIT 50'S CHRISTMAS,ROTATING SILVER ANGELS T-LIGHT HLDR,0.0838,0.5287,4.851
ROTATING SILVER ANGELS T-LIGHT HLDR,PAPER CHAIN KIT 50'S CHRISTMAS,0.0838,0.7685,4.851
WOODLAND CHARLOTTE BAG,CHARLOTTE BAG PINK POLKADOT + CHARLOTTE BAG SUKI DESIGN,0.0838,0.522,4.8347
CHARLOTTE BAG PINK POLKADOT + CHARLOTTE BAG SUKI DESIGN,WOODLAND CHARLOTTE BAG,0.0838,0.7757,4.8347
CHARLOTTE BAG PINK POLKADOT,STRAWBERRY CHARLOTTE BAG,0.0949,0.6483,4.8304
STRAWBERRY CHARLOTTE BAG,CHARLOTTE BAG PINK POLKADOT,0.0949,0.7068,4.8304
STRAWBERRY CHARLOTTE BAG,WOODLAND CHARLOTTE BAG,0.1039,0.7744,4.8268
WOODLAND CHARLOTTE BAG,STRAWBERRY CHARLOTTE BAG,0.1039,0.6478,4.8268
PACK OF 72 RETROSPOT CAKE CASES + STRAWBERRY CHARLOTTE BAG,RED RETROSPOT CHARLOTTE BAG,0.0807,0.8421,4.8239
RED RETROSPOT CHARLOTTE BAG,PACK OF 72 RETROSPOT CAKE CASES + STRAWBERRY CHARLOTTE BAG,0.0807,0.4624,4.8239
SUKI  SHOULDER BAG,RECIPE BOX PANTRY YELLOW DESIGN,0.0848,0.7179,4.8073
RECIPE BOX PANTRY YELLOW DESIGN,SUKI  SHOULDER BAG,0.0848,0.5676,4.8073
CHARLOTTE BAG SUKI DESIGN,SUKI  SHOULDER BAG,0.0848,0.5638,4.7751
SUKI  SHOULDER BAG,CHARLOTTE BAG SUKI DESIGN,0.0848,0.7179,4.7751
WOODLAND CHARLOTTE BAG,PACK OF 72 RETROSPOT CAKE CASES + RED RETROSPOT CHARLOTTE BAG,0.0848,0.5283,4.7595
PACK OF 72 RETROSPOT CAKE CASES + RED RETROSPOT CHARLOTTE BAG,WOODLAND CHARLOTTE BAG,0.0848,0.7636,4.7595
SKULL SHOULDER BAG,CHARLOTTE BAG SUKI DESIGN,0.0848,0.7119,4.7346
CHARLOTTE BAG SUKI DESIGN,SKULL SHOULDER BAG,0.0848,0.5638,4.7346
STRAWBERRY CHARLOTTE BAG + WOODLAND CHARLOTTE BAG,RED RETROSPOT CHARLOTTE BAG,0.0858,0.8252,4.7273
RED RETROSPOT CHARLOTTE BAG,STRAWBERRY CHARLOTTE BAG + WOODLAND CHARLOTTE BAG,0.0858,0.4913,4.7273
PAPER CHAIN KIT 50'S CHRISTMAS,60 CAKE CASES VINTAGE CHRISTMAS,0.0959,0.6051,4.7217
60 CAKE CASES VINTAGE CHRISTMAS,PAPER CHAIN KIT 50'S CHRISTMAS,0.0959,0.748,4.7217
CHARLOTTE BAG PINK POLKADOT + CHARLOTTE BAG SUKI DESIGN,RED RETROSPOT CHARLOTTE BAG,0.0888,0.8224,4.7111
RED RETROSPOT CHARLOTTE BAG,CHARLOTTE BAG PINK POLKADOT + CHARLOTTE BAG SUKI DESIGN,0.0888,0.5087,4.7111
MODERN FLORAL STATIONERY SET + SUKI  SHOULDER BAG,JAM MAKING SET PRINTED,0.0807,0.8889,4.6856
JAM MAKING SET PRINTED,MODERN FLORAL STATIONERY SET + SUKI  SHOULDER BAG,0.0807,0.4255,4.6856
SPACEBOY LUNCH BOX,DOLLY GIRL LUNCH BOX,0.1039,0.7153,4.6634
DOLLY GIRL LUNCH BOX,SPACEBOY LUNCH BOX,0.1039,0.6776,4.6634
JAM MAKING SET PRINTED,FLORAL FOLK STATIONERY SET + SUKI  SHOULDER BAG,0.0838,0.4415,4.6054
FLORAL FOLK STATIONERY SET + SUKI  SHOULDER BAG,JAM MAKING SET PRINTED,0.0838,0.8737,4.6054
ROTATING LEAVES T-LIGHT HOLDER + SUKI  SHOULDER BAG,JAM MAKING SET PRINTED,0.0817,0.871,4.5911
JAM MAKING SET PRINTED,ROTATING LEAVES T-LIGHT HOLDER + SUKI  SHOULDER BAG,0.0817,0.4309,4.5911
RED RETROSPOT CHARLOTTE BAG,CHARLOTTE BAG SUKI DESIGN + WOODLAND CHARLOTTE BAG,0.0868,0.4971,4.5614
CHARLOTTE BAG SUKI DESIGN + WOODLAND CHARLOTTE BAG,RED RETROSPOT CHARLOTTE BAG,0.0868,0.7963,4.5614
CHARLOTTE BAG SUKI DESIGN,STRAWBERRY CHARLOTTE BAG,0.0918,0.6107,4.5507
STRAWBERRY CHARLOTTE BAG,CHARLOTTE BAG SUKI DESIGN,0.0918,0.6842,4.5507
WOODLAND CHARLOTTE BAG,CHARLOTTE BAG SUKI DESIGN,0.109,0.6792,4.5177
CHARLOTTE BAG SUKI DESIGN,WOODLAND CHARLOTTE BAG,0.109,0.7248,4.5177
RED RETROSPOT CHARLOTTE BAG,CHARLOTTE BAG PINK POLKADOT,0.115,0.659,4.5036
CHARLOTTE BAG PINK POLKADOT,RED RETROSPOT CHARLOTTE BAG,0.115,0.7862,4.5036
PACK OF 72 RETROSPOT CAKE CASES + WOODLAND CHARLOTTE BAG,RED RETROSPOT CHARLOTTE BAG,0.0848,0.785,4.497
RED RETROSPOT CHARLOTTE BAG,PACK OF 72 RETROSPOT CAKE CASES + WOODLAND CHARLOTTE BAG,0.0848,0.4855,4.497
SUKI  SHOULDER BAG,GREEN REGENCY TEACUP AND SAUCER,0.0807,0.6838,4.4875
GREEN REGENCY TEACUP AND SAUCER,SUKI  SHOULDER BAG,0.0807,0.5298,4.4875
STRAWBERRY CHARLOTTE BAG,RED RETROSPOT CHARLOTTE BAG,0.1049,0.782,4.4793
RED RETROSPOT CHARLOTTE BAG,STRAWBERRY CHARLOTTE BAG,0.1049,0.6012,4.4793
CHARLOTTE BAG PINK POLKADOT,WOODLAND CHARLOTTE BAG,0.1049,0.7172,4.4704
WOODLAND CHARLOTTE BAG,CHARLOTTE BAG PINK POLKADOT,0.1049,0.6541,4.4704
SKULL SHOULDER BAG + SUKI  SHOULDER BAG,JAM MAKING SET PRINTED,0.0838,0.8469,4.4644
JAM MAKING SET PRINTED,SKULL SHOULDER BAG + SUKI  SHOULDER BAG,0.0838,0.4415,4.4644
WOODLAND CHARLOTTE BAG,SKULL SHOULDER BAG,0.0838,0.522,4.384
SKULL SHOULDER BAG,WOODLAND CHARLOTTE BAG,0.0838,0.7034,4.384
JAM MAKING SET PRINTED,SUKI  SHOULDER BAG,0.0979,0.516,4.3702
SUKI  SHOULDER BAG,JAM MAKING SET PRINTED,0.0979,0.8291,4.3702
ROTATING LEAVES T-LIGHT HOLDER,JAM MAKING SET PRINTED,0.0838,0.8058,4.2477
JAM MAKING SET PRINTED,ROTATING LEAVES T-LIGHT HOLDER,0.0838,0.4415,4.2477
RED RETROSPOT CHARLOTTE BAG,CHARLOTTE BAG SUKI DESIGN,0.111,0.6358,4.229
CHARLOTTE BAG SUKI DESIGN,RED RETROSPOT CHARLOTTE BAG,0.111,0.7383,4.229
JAM MAKING SET PRINTED,FLORAL FOLK STATIONERY SET,0.0878,0.4628,4.2073
FLORAL FOLK STATIONERY SET,JAM MAKING SET PRINTED,0.0878,0.7982,4.2073
MODERN FLORAL STATIONERY SET,JAM MAKING SET PRINTED,0.0858,0.7944,4.1875
JAM MAKING SET PRINTED,MODERN FLORAL STATIONERY SET,0.0858,0.4521,4.1875
WOODLAND CHARLOTTE BAG,RED RETROSPOT CHARLOTTE BAG,0.1171,0.7296,4.1792
RED RETROSPOT CHARLOTTE BAG,WOODLAND CHARLOTTE BAG,0.1171,0.6705,4.1792
SKULL SHOULDER BAG,RED RETROSPOT CHARLOTTE BAG,0.0827,0.6949,3.9807
RED RETROSPOT CHARLOTTE BAG,SKULL SHOULDER BAG,0.0827,0.474,3.9807
JAM MAKING SET PRINTED,NATURAL SLATE HEART CHALKBOARD,0.0858,0.4521,3.8626
NATURAL SLATE HEART CHALKBOARD,JAM MAKING SET PRINTED,0.0858,0.7328,3.8626
SKULL SHOULDER BAG,JAM MAKING SET PRINTED,0.0868,0.7288,3.8418
JAM MAKING SET PRINTED,SKULL SHOULDER BAG,0.0868,0.4574,3.8418
WOODLAND CHARLOTTE BAG,ALARM CLOCK BAKELIKE GREEN,0.0827,0.5157,3.758
ALARM CLOCK BAKELIKE GREEN,WOODLAND CHARLOTTE BAG,0.0827,0.6029,3.758
PAPER CHAIN KIT 50'S CHRISTMAS,ALARM CLOCK BAKELIKE GREEN,0.0807,0.5096,3.713
ALARM CLOCK BAKELIKE GREEN,PAPER CHAIN KIT 50'S CHRISTMAS,0.0807,0.5882,3.713
60 TEATIME FAIRY CAKE CASES,PACK OF 60 PINK PAISLEY CAKE CASES,0.0807,0.5714,3.7012
PACK OF 60 PINK PAISLEY CAKE CASES,60 TEATIME FAIRY CAKE CASES,0.0807,0.5229,3.7012
JAM MAKING SET WITH JARS,SET OF 4 PANTRY JELLY MOULDS,0.0827,0.4581,3.6318
SET OF 4 PANTRY JELLY MOULDS,JAM MAKING SET WITH JARS,0.0827,0.656,3.6318
CHARLOTTE BAG SUKI DESIGN,RECIPE BOX PANTRY YELLOW DESIGN,0.0807,0.5369,3.5951
RECIPE BOX PANTRY YELLOW DESIGN,CHARLOTTE BAG SUKI DESIGN,0.0807,0.5405,3.5951
JAM MAKING SET PRINTED,RECIPE BOX PANTRY YELLOW DESIGN,0.1009,0.5319,3.5617
RECIPE BOX PANTRY YELLOW DESIGN,JAM MAKING SET PRINTED,0.1009,0.6757,3.5617
PAPER CHAIN KIT 50'S CHRISTMAS,VINTAGE SNAP CARDS,0.0827,0.5223,3.5452
VINTAGE SNAP CARDS,PAPER CHAIN KIT 50'S CHRISTMAS,0.0827,0.5616,3.5452
RED TOADSTOOL LED NIGHT LIGHT,WOODLAND CHARLOTTE BAG,0.0817,0.5664,3.5304
WOODLAND CHARLOTTE BAG,RED TOADSTOOL LED NIGHT LIGHT,0.0817,0.5094,3.5304
LUNCH BAG RED RETROSPOT,LUNCH BAG WOODLAND,0.0868,0.4456,3.4771
LUNCH BAG WOODLAND,LUNCH BAG RED RETROSPOT,0.0868,0.6772,3.4771
PACK OF 72 SKULL CAKE CASES,PACK OF 72 RETROSPOT CAKE CASES,0.0807,0.8081,3.4667
RECIPE BOX PANTRY YELLOW DESIGN,JAM MAKING SET WITH JARS,0.0928,0.6216,3.4415
JAM MAKING SET WITH JARS,RECIPE BOX PANTRY YELLOW DESIGN,0.0928,0.514,3.4415
6 RIBBONS RUSTIC CHARM,JAM MAKING SET PRINTED,0.0827,0.6508,3.4305
JAM MAKING SET PRINTED,6 RIBBONS RUSTIC CHARM,0.0827,0.4362,3.4305
JAM MAKING SET PRINTED,JAM MAKING SET WITH JARS,0.116,0.6117,3.3866
JAM MAKING SET WITH JARS,JAM MAKING SET PRINTED,0.116,0.6425,3.3866
PACK OF 72 RETROSPOT CAKE CASES,CHARLOTTE BAG PINK POLKADOT + WOODLAND CHARLOTTE BAG,0.0827,0.355,3.3825
CHARLOTTE BAG PINK POLKADOT + WOODLAND CHARLOTTE BAG,PACK OF 72 RETROSPOT CAKE CASES,0.0827,0.7885,3.3825
LUNCH BAG RED RETROSPOT,LUNCH BAG SPACEBOY DESIGN,0.0868,0.4456,3.3709
LUNCH BAG SPACEBOY DESIGN,LUNCH BAG RED RETROSPOT,0.0868,0.6565,3.3709
PACK OF 72 RETROSPOT CAKE CASES,60 TEATIME FAIRY CAKE CASES,0.109,0.4675,3.3095
60 TEATIME FAIRY CAKE CASES,PACK OF 72 RETROSPOT CAKE CASES,0.109,0.7714,3.3095
RED RETROSPOT CHARLOTTE BAG + STRAWBERRY CHARLOTTE BAG,PACK OF 72 RETROSPOT CAKE CASES,0.0807,0.7692,3.3
GREEN REGENCY TEACUP AND SAUCER,JAM MAKING SET WITH JARS,0.0898,0.5894,3.2631
JAM MAKING SET WITH JARS,GREEN REGENCY TEACUP AND SAUCER,0.0898,0.4972,3.2631
JAM MAKING SET PRINTED,VINTAGE SNAP CARDS,0.0908,0.4787,3.2494
VINTAGE SNAP CARDS,JAM MAKING SET PRINTED,0.0908,0.6164,3.2494
LUNCH BAG  BLACK SKULL.,LUNCH BAG RED RETROSPOT,0.0979,0.6299,3.2342
LUNCH BAG RED RETROSPOT,LUNCH BAG  BLACK SKULL.,0.0979,0.5026,3.2342
CHARLOTTE BAG PINK POLKADOT + RED RETROSPOT CHARLOTTE BAG,PACK OF 72 RETROSPOT CAKE CASES,0.0858,0.7456,3.1987
PACK OF 72 RETROSPOT CAKE CASES,CHARLOTTE BAG PINK POLKADOT + RED RETROSPOT CHARLOTTE BAG,0.0858,0.368,3.1987
JUMBO BAG RED RETROSPOT,JUMBO BAG PINK POLKADOT,0.1009,0.3953,3.1845
JUMBO BAG PINK POLKADOT,JUMBO BAG RED RETROSPOT,0.1009,0.813,3.1845
SET OF 3 CAKE TINS PANTRY DESIGN,JAM MAKING SET WITH JARS,0.0817,0.5745,3.1804
JAM MAKING SET WITH JARS,SET OF 3 CAKE TINS PANTRY DESIGN,0.0817,0.4525,3.1804
SET OF 3 CAKE TINS PANTRY DESIGN,JAM MAKING SET PRINTED,0.0858,0.6028,3.1777
JAM MAKING SET PRINTED,SET OF 3 CAKE TINS PANTRY DESIGN,0.0858,0.4521,3.1777
VINTAGE SNAP CARDS,JAM MAKING SET WITH JARS,0.0838,0.5685,3.1474
JAM MAKING SET WITH JARS,VINTAGE SNAP CARDS,0.0838,0.4637,3.1474
JAM MAKING SET PRINTED,RED TOADSTOOL LED NIGHT LIGHT,0.0858,0.4521,3.1333
RED TOADSTOOL LED NIGHT LIGHT,JAM MAKING SET PRINTED,0.0858,0.5944,3.1333
RED RETROSPOT CHARLOTTE BAG,LUNCH BAG  BLACK SKULL.,0.0848,0.4855,3.1245
LUNCH BAG  BLACK SKULL.,RED RETROSPOT CHARLOTTE BAG,0.0848,0.5455,3.1245
PACK OF 72 RETROSPOT CAKE CASES,RED RETROSPOT CHARLOTTE BAG + WOODLAND CHARLOTTE BAG,0.0848,0.3636,3.1066
RED RETROSPOT CHARLOTTE BAG + WOODLAND CHARLOTTE BAG,PACK OF 72 RETROSPOT CAKE CASES,0.0848,0.7241,3.1066
JUMBO BAG RED RETROSPOT,JUMBO BAG STRAWBERRY,0.0979,0.3834,3.089
JUMBO BAG STRAWBERRY,JUMBO BAG RED RETROSPOT,0.0979,0.7886,3.089
JUMBO BAG APPLES,JUMBO BAG RED RETROSPOT,0.0928,0.7863,3.08
JUMBO BAG RED RETROSPOT,JUMBO BAG APPLES,0.0928,0.3636,3.08
BOX OF 24 COCKTAIL PARASOLS,PACK OF 72 RETROSPOT CAKE CASES,0.0868,0.7167,3.0745
PACK OF 72 RETROSPOT CAKE CASES,BOX OF 24 COCKTAIL PARASOLS,0.0868,0.3723,3.0745
GREEN REGENCY TEACUP AND SAUCER,JAM MAKING SET PRINTED,0.0888,0.5828,3.072
JAM MAKING SET PRINTED,GREEN REGENCY TEACUP AND SAUCER,0.0888,0.4681,3.072
PACK OF 72 RETROSPOT CAKE CASES,STRAWBERRY CHARLOTTE BAG,0.0959,0.4113,3.0643
STRAWBERRY CHARLOTTE BAG,PACK OF 72 RETROSPOT CAKE CASES,0.0959,0.7143,3.0643
REGENCY CAKESTAND 3 TIER,GREEN REGENCY TEACUP AND SAUCER + ROSES REGENCY TEACUP AND SAUCER,0.0898,0.3938,3.0489
GREEN REGENCY TEACUP AND SAUCER + ROSES REGENCY TEACUP AND SAUCER,REGENCY CAKESTAND 3 TIER,0.0898,0.6953,3.0489
JUMBO BAG RED RETROSPOT,JUMBO STORAGE BAG SUKI,0.0918,0.3597,3.0466
JUMBO STORAGE BAG SUKI,JUMBO BAG RED RETROSPOT,0.0918,0.7778,3.0466
PACK OF 72 RETROSPOT CAKE CASES,PACK OF 60 PINK PAISLEY CAKE CASES,0.108,0.4632,3.0002
PACK OF 60 PINK PAISLEY CAKE CASES,PACK OF 72 RETROSPOT CAKE CASES,0.108,0.6993,3.0002
REGENCY CAKESTAND 3 TIER,PAPER CHAIN KIT 50'S CHRISTMAS + PAPER CHAIN KIT VINTAGE CHRISTMAS,0.0807,0.354,2.9983
PAPER CHAIN KIT 50'S CHRISTMAS + PAPER CHAIN KIT VINTAGE CHRISTMAS,REGENCY CAKESTAND 3 TIER,0.0807,0.6838,2.9983
GREEN REGENCY TEACUP AND SAUCER,REGENCY CAKESTAND 3 TIER,0.1039,0.6821,2.9911
REGENCY CAKESTAND 3 TIER,GREEN REGENCY TEACUP AND SAUCER,0.1039,0.4558,2.9911
REGENCY CAKESTAND 3 TIER,ROSES REGENCY TEACUP AND SAUCER,0.109,0.4779,2.9785
ROSES REGENCY TEACUP AND SAUCER,REGENCY CAKESTAND 3 TIER,0.109,0.6792,2.9785
CHARLOTTE BAG PINK POLKADOT,LUNCH BAG RED RETROSPOT,0.0848,0.5793,2.9746
LUNCH BAG RED RETROSPOT,CHARLOTTE BAG PINK POLKADOT,0.0848,0.4352,2.9746
PACK OF 60 PINK PAISLEY CAKE CASES,JAM MAKING SET WITH JARS,0.0827,0.5359,2.9672
JAM MAKING SET WITH JARS,PACK OF 60 PINK PAISLEY CAKE CASES,0.0827,0.4581,2.9672
LUNCH BAG RED RETROSPOT,CHARLOTTE BAG SUKI DESIGN,0.0868,0.4456,2.9637
CHARLOTTE BAG SUKI DESIGN,LUNCH BAG RED RETROSPOT,0.0868,0.5772,2.9637
JAM MAKING SET WITH JARS,ROSES REGENCY TEACUP AND SAUCER,0.0858,0.4749,2.9597
ROSES REGENCY TEACUP AND SAUCER,JAM MAKING SET WITH JARS,0.0858,0.5346,2.9597
CHARLOTTE BAG PINK POLKADOT,PACK OF 72 RETROSPOT CAKE CASES,0.1009,0.6897,2.9587
PACK OF 72 RETROSPOT CAKE CASES,CHARLOTTE BAG PINK POLKADOT,0.1009,0.4329,2.9587
LUNCH BAG RED RETROSPOT,RED RETROSPOT CHARLOTTE BAG,0.0999,0.513,2.9384
RED RETROSPOT CHARLOTTE BAG,LUNCH BAG RED RETROSPOT,0.0999,0.5723,2.9384
PAPER CHAIN KIT 50'S CHRISTMAS,JAM MAKING SET PRINTED,0.0878,0.5541,2.921
JAM MAKING SET PRINTED,PAPER CHAIN KIT 50'S CHRISTMAS,0.0878,0.4628,2.921
JUMBO BAG PINK VINTAGE PAISLEY,JUMBO BAG RED RETROSPOT,0.0858,0.7456,2.9206
LUNCH BAG RED RETROSPOT,WOODLAND CHARLOTTE BAG,0.0908,0.4663,2.9064
WOODLAND CHARLOTTE BAG,LUNCH BAG RED RETROSPOT,0.0908,0.566,2.9064
JAM MAKING SET PRINTED,CHARLOTTE BAG SUKI DESIGN,0.0827,0.4362,2.901
CHARLOTTE BAG SUKI DESIGN,JAM MAKING SET PRINTED,0.0827,0.5503,2.901
WOODLAND CHARLOTTE BAG,PACK OF 72 RETROSPOT CAKE CASES,0.108,0.673,2.887
PACK OF 72 RETROSPOT CAKE CASES,WOODLAND CHARLOTTE BAG,0.108,0.4632,2.887
FLORAL FOLK STATIONERY SET,JUMBO BAG RED RETROSPOT,0.0807,0.7339,2.8749
WOODLAND CHARLOTTE BAG,JAM MAKING SET PRINTED,0.0868,0.5409,2.8511
JAM MAKING SET PRINTED,WOODLAND CHARLOTTE BAG,0.0868,0.4574,2.8511
SUKI  SHOULDER BAG,JUMBO BAG RED RETROSPOT,0.0858,0.7265,2.8457
JUMBO SHOPPER VINTAGE RED PAISLEY,JUMBO BAG RED RETROSPOT,0.0878,0.7131,2.7933
PACK OF 60 PINK PAISLEY CAKE CASES,JAM MAKING SET PRINTED,0.0817,0.5294,2.7907
JAM MAKING SET PRINTED,PACK OF 60 PINK PAISLEY CAKE CASES,0.0817,0.4309,2.7907
WOODLAND CHARLOTTE BAG,REGENCY CAKESTAND 3 TIER,0.1019,0.6352,2.7854
REGENCY CAKESTAND 3 TIER,WOODLAND CHARLOTTE BAG,0.1019,0.4469,2.7854
RECYCLING BAG RETROSPOT,JUMBO BAG RED RETROSPOT,0.0817,0.7105,2.7831
SKULL SHOULDER BAG,JUMBO BAG RED RETROSPOT,0.0838,0.7034,2.7552
REGENCY CAKESTAND 3 TIER,PAPER CHAIN KIT VINTAGE CHRISTMAS,0.0848,0.3717,2.7284
PAPER CHAIN KIT VINTAGE CHRISTMAS,REGENCY CAKESTAND 3 TIER,0.0848,0.6222,2.7284
RED RETROSPOT CHARLOTTE BAG,PACK OF 72 RETROSPOT CAKE CASES,0.111,0.6358,2.7278
PACK OF 72 RETROSPOT CAKE CASES,RED RETROSPOT CHARLOTTE BAG,0.111,0.4762,2.7278
PACK OF 72 RETROSPOT CAKE CASES,CHARLOTTE BAG SUKI DESIGN,0.0949,0.4069,2.7065
CHARLOTTE BAG SUKI DESIGN,PACK OF 72 RETROSPOT CAKE CASES,0.0949,0.6309,2.7065
ALARM CLOCK BAKELIKE GREEN,REGENCY CAKESTAND 3 TIER,0.0838,0.6103,2.6761
REGENCY CAKESTAND 3 TIER,ALARM CLOCK BAKELIKE GREEN,0.0838,0.3673,2.6761
STRAWBERRY CHARLOTTE BAG,REGENCY CAKESTAND 3 TIER,0.0817,0.609,2.6705
REGENCY CAKESTAND 3 TIER,STRAWBERRY CHARLOTTE BAG,0.0817,0.3584,2.6705
PAPER CHAIN KIT 50'S CHRISTMAS,REGENCY CAKESTAND 3 TIER,0.0938,0.5924,2.5975
REGENCY CAKESTAND 3 TIER,PAPER CHAIN KIT 50'S CHRISTMAS,0.0938,0.4115,2.5975
RED RETROSPOT CHARLOTTE BAG,JAM MAKING SET PRINTED,0.0858,0.4913,2.5899
JAM MAKING SET PRINTED,RED RETROSPOT CHARLOTTE BAG,0.0858,0.4521,2.5899
CHARLOTTE BAG SUKI DESIGN,REGENCY CAKESTAND 3 TIER,0.0878,0.5839,2.5603
REGENCY CAKESTAND 3 TIER,CHARLOTTE BAG SUKI DESIGN,0.0878,0.385,2.5603
ALARM CLOCK BAKELIKE GREEN,PACK OF 72 RETROSPOT CAKE CASES,0.0807,0.5882,2.5236
REGENCY CAKESTAND 3 TIER,CHARLOTTE BAG PINK POLKADOT,0.0827,0.3628,2.4798
CHARLOTTE BAG PINK POLKADOT,REGENCY CAKESTAND 3 TIER,0.0827,0.5655,2.4798
PACK OF 72 RETROSPOT CAKE CASES,RECIPE BOX PANTRY YELLOW DESIGN,0.0858,0.368,2.4639
RECIPE BOX PANTRY YELLOW DESIGN,PACK OF 72 RETROSPOT CAKE CASES,0.0858,0.5743,2.4639
LUNCH BAG  BLACK SKULL.,PACK OF 72 RETROSPOT CAKE CASES,0.0868,0.5584,2.3957
PACK OF 72 RETROSPOT CAKE CASES,LUNCH BAG  BLACK SKULL.,0.0868,0.3723,2.3957
RECIPE BOX PANTRY YELLOW DESIGN,REGENCY CAKESTAND 3 TIER,0.0807,0.5405,2.3702
REGENCY CAKESTAND 3 TIER,RECIPE BOX PANTRY YELLOW DESIGN,0.0807,0.354,2.3702
VINTAGE SNAP CARDS,PACK OF 72 RETROSPOT CAKE CASES,0.0807,0.5479,2.3507
REGENCY CAKESTAND 3 TIER,RED RETROSPOT CHARLOTTE BAG,0.0918,0.4027,2.3065
RED RETROSPOT CHARLOTTE BAG,REGENCY CAKESTAND 3 TIER,0.0918,0.526,2.3065
JUMBO BAG RED RETROSPOT,RED RETROSPOT CHARLOTTE BAG,0.1019,0.3992,2.2868
RED RETROSPOT CHARLOTTE BAG,JUMBO BAG RED RETROSPOT,0.1019,0.5838,2.2868
PACK OF 72 RETROSPOT CAKE CASES,JAM MAKING SET PRINTED,0.0999,0.4286,2.2591
JAM MAKING SET PRINTED,PACK OF 72 RETROSPOT CAKE CASES,0.0999,0.5266,2.2591
PACK OF 72 RETROSPOT CAKE CASES,PAPER CHAIN KIT 50'S CHRISTMAS,0.0827,0.355,2.2407
PAPER CHAIN KIT 50'S CHRISTMAS,PACK OF 72 RETROSPOT CAKE CASES,0.0827,0.5223,2.2407
JAM MAKING SET WITH JARS,REGENCY CAKESTAND 3 TIER,0.0918,0.5084,2.2292
REGENCY CAKESTAND 3 TIER,JAM MAKING SET WITH JARS,0.0918,0.4027,2.2292
RECIPE BOX PANTRY YELLOW DESIGN,JUMBO BAG RED RETROSPOT,0.0848,0.5676,2.2232
PACK OF 72 RETROSPOT CAKE CASES,LUNCH BAG RED RETROSPOT,0.1009,0.4329,2.2228
LUNCH BAG RED RETROSPOT,PACK OF 72 RETROSPOT CAKE CASES,0.1009,0.5181,2.2228
PACK OF 72 RETROSPOT CAKE CASES,WHITE HANGING HEART T-LIGHT HOLDER,0.0878,0.3766,2.2085
WHITE HANGING HEART T-LIGHT HOLDER,PACK OF 72 RETROSPOT CAKE CASES,0.0878,0.5148,2.2085
CHARLOTTE BAG SUKI DESIGN,JUMBO BAG RED RETROSPOT,0.0848,0.5638,2.2082
PACK OF 72 RETROSPOT CAKE CASES,REGENCY CAKESTAND 3 TIER,0.1171,0.5022,2.202
REGENCY CAKESTAND 3 TIER,PACK OF 72 RETROSPOT CAKE CASES,0.1171,0.5133,2.202
PACK OF 72 RETROSPOT CAKE CASES,JAM MAKING SET WITH JARS,0.0918,0.3939,2.181
JAM MAKING SET WITH JARS,PACK OF 72 RETROSPOT CAKE CASES,0.0918,0.5084,2.181
JAM MAKING SET PRINTED,REGENCY CAKESTAND 3 TIER,0.0928,0.4894,2.1458
REGENCY CAKESTAND 3 TIER,JAM MAKING SET PRINTED,0.0928,0.4071,2.1458
LUNCH BAG RED RETROSPOT,JUMBO BAG RED RETROSPOT,0.106,0.544,2.131
JUMBO BAG RED RETROSPOT,LUNCH BAG RED RETROSPOT,0.106,0.415,2.131
WHITE HANGING HEART T-LIGHT HOLDER,REGENCY CAKESTAND 3 TIER,0.0827,0.4852,2.1276
REGENCY CAKESTAND 3 TIER,WHITE HANGING HEART T-LIGHT HOLDER,0.0827,0.3628,2.1276
REGENCY CAKESTAND 3 TIER,LUNCH BAG RED RETROSPOT,0.0928,0.4071,2.0902
LUNCH BAG RED RETROSPOT,REGENCY CAKESTAND 3 TIER,0.0928,0.4767,2.0902
WHITE HANGING HEART T-LIGHT HOLDER,JUMBO BAG RED RETROSPOT,0.0908,0.5325,2.086
JUMBO BAG RED RETROSPOT,WHITE HANGING HEART T-LIGHT HOLDER,0.0908,0.3557,2.086
JAM MAKING SET PRINTED,JUMBO BAG RED RETROSPOT,0.0999,0.5266,2.0627
JUMBO BAG RED RETROSPOT,JAM MAKING SET PRINTED,0.0999,0.3913,2.0627
WOODLAND CHARLOTTE BAG,JUMBO BAG RED RETROSPOT,0.0838,0.522,2.0447
JAM MAKING SET WITH JARS,JUMBO BAG RED RETROSPOT,0.0928,0.514,2.0132
JUMBO BAG RED RETROSPOT,JAM MAKING SET WITH JARS,0.0928,0.3636,2.0132
PACK OF 72 RETROSPOT CAKE CASES,JUMBO BAG RED RETROSPOT,0.0949,0.4069,1.5939
JUMBO BAG RED RETROSPOT,PACK OF 72 RETROSPOT CAKE CASES,0.0949,0.3715,1.5939
REGENCY CAKESTAND 3 TIER,JUMBO BAG RED RETROSPOT,0.0898,0.3938,1.5425
JUMBO BAG RED RETROSPOT,REGENCY CAKESTAND 3 TIER,0.0898,0.3518,1.5425
