itemset,size,support
JUMBO BAG RED RETROSPOT,1,0.2553
PACK OF 72 RETROSPOT CAKE CASES,1,0.2331
REGENCY CAKESTAND 3 TIER,1,0.2281
LUNCH BAG RED RETROSPOT,1,0.1948
JAM MAKING SET PRINTED,1,0.1897
JAM MAKING SET WITH JARS,1,0.1806
RED RETROSPOT CHARLOTTE BAG,1,0.1746
WHITE HANGING HEART T-LIGHT HOLDER,1,0.1705
ROSES REGENCY TEACUP AND SAUCER,1,0.1604
WOODLAND CHARLOTTE BAG,1,0.1604
PAPER CHAIN KIT 50'S CHRISTMAS,1,0.1584
LUNCH BAG  BLACK SKULL.,1,0.1554
PACK OF 60 PINK PAISLEY CAKE CASES,1,0.1544
DOLLY GIRL LUNCH BOX,1,0.1534
GREEN REGENCY TEACUP AND SAUCER,1,0.1524
CHARLOTTE BAG SUKI DESIGN,1,0.1504
RECIPE BOX PANTRY YELLOW DESIGN,1,0.1493
VINTAGE SNAP CARDS,1,0.1473
CHARLOTTE BAG PINK POLKADOT,1,0.1463
SPACEBOY LUNCH BOX,1,0.1453
RED TOADSTOOL LED NIGHT LIGHT,1,0.1443
SET OF 3 CAKE TINS PANTRY DESIGN,1,0.1423
60 TEATIME FAIRY CAKE CASES,1,0.1413
ALARM CLOCK BAKELIKE GREEN,1,0.1372
PAPER CHAIN KIT VINTAGE CHRISTMAS,1,0.1362
STRAWBERRY CHARLOTTE BAG,1,0.1342
PARTY BUNTING,1,0.1332
LUNCH BAG SPACEBOY DESIGN,1,0.1322
CLOTHES PEGS RETROSPOT PACK 24,1,0.1302
"GREEN REGENCY TEACUP AND SAUCER, ROSES REGENCY TEACUP AND SAUCER",2,0.1292
ALARM CLOCK BAKELIKE RED,1,0.1292
LUNCH BAG WOODLAND,1,0.1282
60 CAKE CASES VINTAGE CHRISTMAS,1,0.1282
SET OF 3 REGENCY CAKE TINS,1,0.1271
6 RIBBONS RUSTIC CHARM,1,0.1271
SET OF 4 PANTRY JELLY MOULDS,1,0.1261
SPACEBOY BIRTHDAY CARD,1,0.1241
JUMBO BAG STRAWBERRY,1,0.1241
LUNCH BAG CARS BLUE,1,0.1241
JUMBO BAG PINK POLKADOT,1,0.1241
LUNCH BAG PINK POLKADOT,1,0.1231
JUMBO SHOPPER VINTAGE RED PAISLEY,1,0.1231
RED  HARMONICA IN BOX,1,0.1231
SET/20 RED RETROSPOT PAPER NAPKINS,1,0.1231
LUNCH BAG APPLE DESIGN,1,0.1221
BOX OF 24 COCKTAIL PARASOLS,1,0.1211
PLASTERS IN TIN WOODLAND ANIMALS,1,0.1201
SKULL SHOULDER BAG,1,0.1191
POPCORN HOLDER,1,0.1181
JUMBO BAG APPLES,1,0.1181
"PAPER CHAIN KIT 50'S CHRISTMAS, PAPER CHAIN KIT VINTAGE CHRISTMAS",2,0.1181
JUMBO STORAGE BAG SUKI,1,0.1181
SUKI  SHOULDER BAG,1,0.1181
"PACK OF 72 RETROSPOT CAKE CASES, REGENCY CAKESTAND 3 TIER",2,0.1171
"RED RETROSPOT CHARLOTTE BAG, WOODLAND CHARLOTTE BAG",2,0.1171
PLASTERS IN TIN SPACEBOY,1,0.1171
NATURAL SLATE HEART CHALKBOARD,1,0.1171
ROUND SNACK BOXES SET OF4 WOODLAND,1,0.116
SET OF 60 PANTRY DESIGN CAKE CASES,1,0.116
"JAM MAKING SET PRINTED, JAM MAKING SET WITH JARS",2,0.116
LUNCH BOX I LOVE LONDON,1,0.115
JUMBO BAG PINK VINTAGE PAISLEY,1,0.115
"CHARLOTTE BAG PINK POLKADOT, RED RETROSPOT CHARLOTTE BAG",2,0.115
RECYCLING BAG RETROSPOT,1,0.115
PACK OF 12 LONDON TISSUES,1,0.114
WORLD WAR 2 GLIDERS ASSTD DESIGNS,1,0.113
GINGERBREAD MAN COOKIE CUTTER,1,0.112
VINTAGE HEADS AND TAILS CARD GAME,1,0.112
"CHARLOTTE BAG SUKI DESIGN, RED RETROSPOT CHARLOTTE BAG",2,0.111
60 CAKE CASES DOLLY GIRL DESIGN,1,0.111
"PACK OF 72 RETROSPOT CAKE CASES, RED RETROSPOT CHARLOTTE BAG",2,0.111
GARDENERS KNEELING PAD KEEP CALM,1,0.111
SET OF 3 HEART COOKIE CUTTERS,1,0.111
HEART OF WICKER SMALL,1,0.11
FLORAL FOLK STATIONERY SET,1,0.11
ROTATING SILVER ANGELS T-LIGHT HLDR,1,0.109
"CHARLOTTE BAG SUKI DESIGN, WOODLAND CHARLOTTE BAG",2,0.109
JUMBO BAG WOODLAND ANIMALS,1,0.109
"60 TEATIME FAIRY CAKE CASES, PACK OF 72 RETROSPOT CAKE CASES",2,0.109
"REGENCY CAKESTAND 3 TIER, ROSES REGENCY TEACUP AND SAUCER",2,0.109
HOT WATER BOTTLE I AM SO POORLY,1,0.109
"PACK OF 60 PINK PAISLEY CAKE CASES, PACK OF 72 RETROSPOT CAKE CASES",2,0.108
"PACK OF 72 RETROSPOT CAKE CASES, WOODLAND CHARLOTTE BAG",2,0.108
"CHARLOTTE BAG PINK POLKADOT, CHARLOTTE BAG SUKI DESIGN",2,0.108
RABBIT NIGHT LIGHT,1,0.108
MODERN FLORAL STATIONERY SET,1,0.108
ALARM CLOCK BAKELIKE PINK,1,0.107
CHILLI LIGHTS,1,0.107
VICTORIAN GLASS HANGING T-LIGHT,1,0.107
PACK OF 12 TRADITIONAL CRAYONS,1,0.106
"JUMBO BAG RED RETROSPOT, LUNCH BAG RED RETROSPOT",2,0.106
SET OF 20 KIDS COOKIE CUTTERS,1,0.106
BLUE HARMONICA IN BOX,1,0.106
JUMBO BAG ALPHABET,1,0.1049
"CHARLOTTE BAG PINK POLKADOT, WOODLAND CHARLOTTE BAG",2,0.1049
"RED RETROSPOT CHARLOTTE BAG, STRAWBERRY CHARLOTTE BAG",2,0.1049
"GREEN REGENCY TEACUP AND SAUCER, REGENCY CAKESTAND 3 TIER",2,0.1039
"DOLLY GIRL LUNCH BOX, SPACEBOY LUNCH BOX",2,0.1039
DOORMAT RED RETROSPOT,1,0.1039
SET OF 3 BUTTERFLY COOKIE CUTTERS,1,0.1039
SET OF 20 VINTAGE CHRISTMAS NAPKINS,1,0.1039
ROTATING LEAVES T-LIGHT HOLDER,1,0.1039
"STRAWBERRY CHARLOTTE BAG, WOODLAND CHARLOTTE BAG",2,0.1039
PACK OF 12 SUKI TISSUES,1,0.1029
"REGENCY CAKESTAND 3 TIER, WOODLAND CHARLOTTE BAG",2,0.1019
LUNCH BAG SUKI DESIGN,1,0.1019
SMALL DOLLY MIX DESIGN ORANGE BOWL,1,0.1019
PINK REGENCY TEACUP AND SAUCER,1,0.1019
PACK OF 60 SPACEBOY CAKE CASES,1,0.1019
"JUMBO BAG RED RETROSPOT, RED RETROSPOT CHARLOTTE BAG",2,0.1019
"JAM MAKING SET PRINTED, RECIPE BOX PANTRY YELLOW DESIGN",2,0.1009
"CHARLOTTE BAG PINK POLKADOT, PACK OF 72 RETROSPOT CAKE CASES",2,0.1009
"LUNCH BAG RED RETROSPOT, PACK OF 72 RETROSPOT CAKE CASES",2,0.1009
CHOCOLATE HOT WATER BOTTLE,1,0.1009
"JUMBO BAG PINK POLKADOT, JUMBO BAG RED RETROSPOT",2,0.1009
"JAM MAKING SET PRINTED, PACK OF 72 RETROSPOT CAKE CASES",2,0.0999
PACK OF 72 SKULL CAKE CASES,1,0.0999
"LUNCH BAG RED RETROSPOT, RED RETROSPOT CHARLOTTE BAG",2,0.0999
WALL TIDY RETROSPOT,1,0.0999
SET/5 RED RETROSPOT LID GLASS BOWLS,1,0.0999
"JAM MAKING SET PRINTED, JUMBO BAG RED RETROSPOT",2,0.0999
PINK BLUE FELT CRAFT TRINKET BOX,1,0.0999
72 SWEETHEART FAIRY CAKE CASES,1,0.0989
"SKULL SHOULDER BAG, SUKI  SHOULDER BAG",2,0.0989
SET OF 12 FAIRY CAKE BAKING CASES,1,0.0989
PAPER CHAIN KIT RETROSPOT,1,0.0989
GUMBALL COAT RACK,1,0.0989
RIBBON REEL CHRISTMAS SOCK BAUBLE,1,0.0979
"LUNCH BAG  BLACK SKULL., LUNCH BAG RED RETROSPOT",2,0.0979
"JAM MAKING SET PRINTED, SUKI  SHOULDER BAG",2,0.0979
"JUMBO BAG RED RETROSPOT, JUMBO BAG STRAWBERRY",2,0.0979
CARD SUKI BIRTHDAY,1,0.0969
CHRISTMAS CRAFT LITTLE FRIENDS,1,0.0969
4 TRADITIONAL SPINNING TOPS,1,0.0969
WOODEN BOX OF DOMINOES,1,0.0969
PHOTO CUBE,1,0.0969
RED RETROSPOT OVEN GLOVE,1,0.0969
AIRLINE BAG VINTAGE TOKYO 78,1,0.0959
"FLORAL FOLK STATIONERY SET, SUKI  SHOULDER BAG",2,0.0959
"PACK OF 72 RETROSPOT CAKE CASES, STRAWBERRY CHARLOTTE BAG",2,0.0959
"60 CAKE CASES VINTAGE CHRISTMAS, PAPER CHAIN KIT 50'S CHRISTMAS",2,0.0959
"CHARLOTTE BAG PINK POLKADOT, STRAWBERRY CHARLOTTE BAG",2,0.0949
JUMBO BAG 50'S CHRISTMAS,1,0.0949
"JUMBO BAG RED RETROSPOT, PACK OF 72 RETROSPOT CAKE CASES",2,0.0949
PLASTERS IN TIN SKULLS,1,0.0949
JUMBO  BAG BAROQUE BLACK WHITE,1,0.0949
"CHARLOTTE BAG SUKI DESIGN, PACK OF 72 RETROSPOT CAKE CASES",2,0.0949
SET OF 60 I LOVE LONDON CAKE CASES,1,0.0949
PACK OF 60 DINOSAUR CAKE CASES,1,0.0949
CHILDRENS APRON SPACEBOY DESIGN,1,0.0949
TRADITIONAL KNITTING NANCY,1,0.0938
"PAPER CHAIN KIT 50'S CHRISTMAS, REGENCY CAKESTAND 3 TIER",2,0.0938
HANGING HEART ZINC T-LIGHT HOLDER,1,0.0938
"ROTATING LEAVES T-LIGHT HOLDER, SUKI  SHOULDER BAG",2,0.0938
BATHROOM METAL SIGN,1,0.0928
"JAM MAKING SET WITH JARS, RECIPE BOX PANTRY YELLOW DESIGN",2,0.0928
"JAM MAKING SET WITH JARS, JUMBO BAG RED RETROSPOT",2,0.0928
"JUMBO BAG APPLES, JUMBO BAG RED RETROSPOT",2,0.0928
"JAM MAKING SET PRINTED, REGENCY CAKESTAND 3 TIER",2,0.0928
JUMBO BAG VINTAGE LEAF,1,0.0928
"LUNCH BAG RED RETROSPOT, REGENCY CAKESTAND 3 TIER",2,0.0928
PINK CREAM FELT CRAFT TRINKET BOX,1,0.0928
CHARLIE+LOLA PINK HOT WATER BOTTLE,1,0.0918
JUMBO BAG OWLS,1,0.0918
SCOTTIE DOG HOT WATER BOTTLE,1,0.0918
"JAM MAKING SET WITH JARS, REGENCY CAKESTAND 3 TIER",2,0.0918
"JUMBO BAG RED RETROSPOT, JUMBO STORAGE BAG SUKI",2,0.0918
"FLORAL FOLK STATIONERY SET, MODERN FLORAL STATIONERY SET",2,0.0918
"CHARLOTTE BAG SUKI DESIGN, STRAWBERRY CHARLOTTE BAG",2,0.0918
"RED RETROSPOT CHARLOTTE BAG, REGENCY CAKESTAND 3 TIER",2,0.0918
FAWN BLUE HOT WATER BOTTLE,1,0.0918
WHITE SKULL HOT WATER BOTTLE,1,0.0918
"JAM MAKING SET WITH JARS, PACK OF 72 RETROSPOT CAKE CASES",2,0.0918
HOMEMADE JAM SCENTED CANDLES,1,0.0918
SET OF 3 NOTEBOOKS IN PARCEL,1,0.0908
"JUMBO BAG RED RETROSPOT, WHITE HANGING HEART T-LIGHT HOLDER",2,0.0908
HOT WATER BOTTLE TEA AND SYMPATHY,1,0.0908
"JAM MAKING SET PRINTED, VINTAGE SNAP CARDS",2,0.0908
"MODERN FLORAL STATIONERY SET, SUKI  SHOULDER BAG",2,0.0908
"LUNCH BAG RED RETROSPOT, WOODLAND CHARLOTTE BAG",2,0.0908
SPOTTY BUNTING,1,0.0908
SMALL MARSHMALLOWS PINK BOWL,1,0.0908
"BIRTHDAY CARD, RETRO SPOT",1,0.0908
RETROSPOT HEART HOT WATER BOTTLE,1,0.0908
PACK OF 20 NAPKINS PANTRY DESIGN,1,0.0908
ASSORTED COLOURS SILK FAN,1,0.0898
RETROSPOT TEA SET CERAMIC 11 PC,1,0.0898
"CHARLOTTE BAG PINK POLKADOT, RED RETROSPOT CHARLOTTE BAG, WOODLAND CHARLOTTE BAG",3,0.0898
SET OF 6 SOLDIER SKITTLES,1,0.0898
SWEETHEART CERAMIC TRINKET BOX,1,0.0898
"GREEN REGENCY TEACUP AND SAUCER, JAM MAKING SET WITH JARS",2,0.0898
"JUMBO BAG RED RETROSPOT, REGENCY CAKESTAND 3 TIER",2,0.0898
"GREEN REGENCY TEACUP AND SAUCER, REGENCY CAKESTAND 3 TIER, ROSES REGENCY TEACUP AND SAUCER",3,0.0898
SMALL HEART MEASURING SPOONS,1,0.0898
PLASTERS IN TIN VINTAGE PAISLEY,1,0.0898
"PINK REGENCY TEACUP AND SAUCER, ROSES REGENCY TEACUP AND SAUCER",2,0.0888
"GREEN REGENCY TEACUP AND SAUCER, PINK REGENCY TEACUP AND SAUCER",2,0.0888
"GREEN REGENCY TEACUP AND SAUCER, JAM MAKING SET PRINTED",2,0.0888
CHARLOTTE BAG APPLES DESIGN,1,0.0888
HAND WARMER OWL DESIGN,1,0.0888
PLASTERS IN TIN STRONGMAN,1,0.0888
GARDENERS KNEELING PAD CUP OF TEA,1,0.0888
"CHARLOTTE BAG PINK POLKADOT, CHARLOTTE BAG SUKI DESIGN, RED RETROSPOT CHARLOTTE BAG",3,0.0888
TEA BAG PLATE RED RETROSPOT,1,0.0878
ROUND SNACK BOXES SET OF 4 FRUITS,1,0.0878
"FLORAL FOLK STATIONERY SET, JAM MAKING SET PRINTED",2,0.0878
"60 CAKE CASES VINTAGE CHRISTMAS, PAPER CHAIN KIT VINTAGE CHRISTMAS",2,0.0878
RIBBON REEL SNOWY VILLAGE,1,0.0878
TRADITIONAL WOODEN CATCH CUP GAME,1,0.0878
GIN + TONIC DIET METAL SIGN,1,0.0878
LUNCH BAG DOLLY GIRL DESIGN,1,0.0878
"JUMBO BAG RED RETROSPOT, JUMBO SHOPPER VINTAGE RED PAISLEY",2,0.0878
REGENCY TEA PLATE ROSES,1,0.0878
SET OF 6 SPICE TINS PANTRY DESIGN,1,0.0878
WOODEN PICTURE FRAME WHITE FINISH,1,0.0878
"JAM MAKING SET PRINTED, PAPER CHAIN KIT 50'S CHRISTMAS",2,0.0878
"PACK OF 72 RETROSPOT CAKE CASES, WHITE HANGING HEART T-LIGHT HOLDER",2,0.0878
"CHARLOTTE BAG SUKI DESIGN, REGENCY CAKESTAND 3 TIER",2,0.0878
"CHARLOTTE BAG SUKI DESIGN, LUNCH BAG RED RETROSPOT",2,0.0868
"BOX OF 24 COCKTAIL PARASOLS, PACK OF 72 RETROSPOT CAKE CASES",2,0.0868
"LUNCH BAG  BLACK SKULL., PACK OF 72 RETROSPOT CAKE CASES",2,0.0868
"ALARM CLOCK BAKELIKE GREEN, ALARM CLOCK BAKELIKE RED",2,0.0868
"LUNCH BAG RED RETROSPOT, LUNCH BAG WOODLAND",2,0.0868
"CHARLOTTE BAG SUKI DESIGN, RED RETROSPOT CHARLOTTE BAG, WOODLAND CHARLOTTE BAG",3,0.0868
"JAM MAKING SET PRINTED, WOODLAND CHARLOTTE BAG",2,0.0868
"LUNCH BAG RED RETROSPOT, LUNCH BAG SPACEBOY DESIGN",2,0.0868
PICTURE DOMINOES,1,0.0868
BAKING SET 9 PIECE RETROSPOT,1,0.0868
PAPER BUNTING RETROSPOT,1,0.0868
"FLORAL FOLK STATIONERY SET, ROTATING LEAVES T-LIGHT HOLDER",2,0.0868
"JAM MAKING SET PRINTED, SKULL SHOULDER BAG",2,0.0868
"JAM MAKING SET PRINTED, RED TOADSTOOL LED NIGHT LIGHT",2,0.0858
"RED RETROSPOT CHARLOTTE BAG, STRAWBERRY CHARLOTTE BAG, WOODLAND CHARLOTTE BAG",3,0.0858
"JUMBO BAG PINK VINTAGE PAISLEY, JUMBO BAG RED RETROSPOT",2,0.0858
"JAM MAKING SET PRINTED, NATURAL SLATE HEART CHALKBOARD",2,0.0858
TRADITIONAL CHRISTMAS RIBBONS,1,0.0858
VINTAGE PAISLEY STATIONERY SET,1,0.0858
"CHARLOTTE BAG PINK POLKADOT, PACK OF 72 RETROSPOT CAKE CASES, RED RETROSPOT CHARLOTTE BAG",3,0.0858
"JAM MAKING SET WITH JARS, ROSES REGENCY TEACUP AND SAUCER",2,0.0858
"JUMBO BAG RED RETROSPOT, SUKI  SHOULDER BAG",2,0.0858
SET 12 KIDS COLOUR  CHALK STICKS,1,0.0858
JUMBO BAG VINTAGE DOILY,1,0.0858
"SUKI  SHOULDER BAG, VINTAGE SNAP CARDS",2,0.0858
"PACK OF 72 RETROSPOT CAKE CASES, RECIPE BOX PANTRY YELLOW DESIGN",2,0.0858
"JAM MAKING SET PRINTED, SET OF 3 CAKE TINS PANTRY DESIGN",2,0.0858
"JAM MAKING SET PRINTED, MODERN FLORAL STATIONERY SET",2,0.0858
"JAM MAKING SET PRINTED, RED RETROSPOT CHARLOTTE BAG",2,0.0858
PACK OF 12 WOODLAND TISSUES,1,0.0848
SMALL GLASS HEART TRINKET POT,1,0.0848
WOODEN HEART CHRISTMAS SCANDINAVIAN,1,0.0848
"CHARLOTTE BAG PINK POLKADOT, RED RETROSPOT CHARLOTTE BAG, STRAWBERRY CHARLOTTE BAG",3,0.0848
"PAPER CHAIN KIT VINTAGE CHRISTMAS, REGENCY CAKESTAND 3 TIER",2,0.0848
"CHARLOTTE BAG SUKI DESIGN, SUKI  SHOULDER BAG",2,0.0848
"CHARLOTTE BAG PINK POLKADOT, LUNCH BAG RED RETROSPOT",2,0.0848
"PACK OF 72 RETROSPOT CAKE CASES, RED RETROSPOT CHARLOTTE BAG, WOODLAND CHARLOTTE BAG",3,0.0848
CIRCUS PARADE LUNCH BOX,1,0.0848
SCANDINAVIAN REDS RIBBONS,1,0.0848
LOVEBIRD HANGING DECORATION WHITE,1,0.0848
COOK WITH WINE METAL SIGN,1,0.0848
"CHARLOTTE BAG SUKI DESIGN, JUMBO BAG RED RETROSPOT",2,0.0848
JUMBO STORAGE BAG SKULLS,1,0.0848
"CHARLOTTE BAG SUKI DESIGN, SKULL SHOULDER BAG",2,0.0848
"JUMBO BAG RED RETROSPOT, RECIPE BOX PANTRY YELLOW DESIGN",2,0.0848
"VINTAGE HEADS AND TAILS CARD GAME, VINTAGE SNAP CARDS",2,0.0848
"LUNCH BAG  BLACK SKULL., RED RETROSPOT CHARLOTTE BAG",2,0.0848
"RECIPE BOX PANTRY YELLOW DESIGN, SUKI  SHOULDER BAG",2,0.0848
SET OF 72 PINK HEART PAPER DOILIES,1,0.0838
"FLORAL FOLK STATIONERY SET, JAM MAKING SET PRINTED, SUKI  SHOULDER BAG",3,0.0838
"CHARLOTTE BAG PINK POLKADOT, CHARLOTTE BAG SUKI DESIGN, WOODLAND CHARLOTTE BAG",3,0.0838
"JAM MAKING SET PRINTED, SKULL SHOULDER BAG, SUKI  SHOULDER BAG",3,0.0838
"FLORAL FOLK STATIONERY SET, ROTATING LEAVES T-LIGHT HOLDER, SUKI  SHOULDER BAG",3,0.0838
SET OF 72 RETROSPOT PAPER  DOILIES,1,0.0838
WOODEN STAR CHRISTMAS SCANDINAVIAN,1,0.0838
CARD PARTY GAMES,1,0.0838
"JAM MAKING SET WITH JARS, VINTAGE SNAP CARDS",2,0.0838
"PAPER CHAIN KIT 50'S CHRISTMAS, ROTATING SILVER ANGELS T-LIGHT HLDR",2,0.0838
"JUMBO BAG RED RETROSPOT, SKULL SHOULDER BAG",2,0.0838
BUTTON BOX,1,0.0838
"JUMBO BAG RED RETROSPOT, WOODLAND CHARLOTTE BAG",2,0.0838
"FLORAL FOLK STATIONERY SET, SKULL SHOULDER BAG",2,0.0838
"ALARM CLOCK BAKELIKE GREEN, REGENCY CAKESTAND 3 TIER",2,0.0838
"SKULL SHOULDER BAG, WOODLAND CHARLOTTE BAG",2,0.0838
"JAM MAKING SET PRINTED, ROTATING LEAVES T-LIGHT HOLDER",2,0.0838
"JAM MAKING SET WITH JARS, PACK OF 60 PINK PAISLEY CAKE CASES",2,0.0827
"JAM MAKING SET WITH JARS, SET OF 4 PANTRY JELLY MOULDS",2,0.0827
"60 CAKE CASES VINTAGE CHRISTMAS, SET OF 20 VINTAGE CHRISTMAS NAPKINS",2,0.0827
"CHARLOTTE BAG PINK POLKADOT, REGENCY CAKESTAND 3 TIER",2,0.0827
"6 RIBBONS RUSTIC CHARM, JAM MAKING SET PRINTED",2,0.0827
"PACK OF 72 RETROSPOT CAKE CASES, PAPER CHAIN KIT 50'S CHRISTMAS",2,0.0827
"ALARM CLOCK BAKELIKE GREEN, WOODLAND CHARLOTTE BAG",2,0.0827
"PAPER CHAIN KIT 50'S CHRISTMAS, VINTAGE SNAP CARDS",2,0.0827
"RED TOADSTOOL LED NIGHT LIGHT, SUKI  SHOULDER BAG",2,0.0827
"REGENCY CAKESTAND 3 TIER, WHITE HANGING HEART T-LIGHT HOLDER",2,0.0827
"GARDENERS KNEELING PAD CUP OF TEA, GARDENERS KNEELING PAD KEEP CALM",2,0.0827
"CHARLOTTE BAG SUKI DESIGN, JAM MAKING SET PRINTED",2,0.0827
SOLDIERS EGG CUP,1,0.0827
POPPY'S PLAYHOUSE BEDROOM,1,0.0827
PLEASE ONE PERSON METAL SIGN,1,0.0827
HAND WARMER BIRD DESIGN,1,0.0827
SCOTTIE DOGS BABY BIB,1,0.0827
BIRD HOUSE HOT WATER BOTTLE,1,0.0827
MINI PAINT SET VINTAGE,1,0.0827
POTTERING IN THE SHED METAL SIGN,1,0.0827
"CHARLOTTE BAG PINK POLKADOT, PACK OF 72 RETROSPOT CAKE CASES, WOODLAND CHARLOTTE BAG",3,0.0827
"FLORAL FOLK STATIONERY SET, MODERN FLORAL STATIONERY SET, SUKI  SHOULDER BAG",3,0.0827
"FLORAL FOLK STATIONERY SET, SKULL SHOULDER BAG, SUKI  SHOULDER BAG",3,0.0827
"RED RETROSPOT CHARLOTTE BAG, SKULL SHOULDER BAG",2,0.0827
"ROTATING LEAVES T-LIGHT HOLDER, SKULL SHOULDER BAG",2,0.0827
"AIRLINE BAG VINTAGE TOKYO 78, SUKI  SHOULDER BAG",2,0.0827
"JAM MAKING SET WITH JARS, SET OF 3 CAKE TINS PANTRY DESIGN",2,0.0817
RED RETROSPOT SHOPPER BAG,1,0.0817
"CHARLOTTE BAG SUKI DESIGN, STRAWBERRY CHARLOTTE BAG, WOODLAND CHARLOTTE BAG",3,0.0817
"SMALL DOLLY MIX DESIGN ORANGE BOWL, SMALL MARSHMALLOWS PINK BOWL",2,0.0817
"JAM MAKING SET PRINTED, PACK OF 60 PINK PAISLEY CAKE CASES",2,0.0817
"REGENCY CAKESTAND 3 TIER, STRAWBERRY CHARLOTTE BAG",2,0.0817
"60 CAKE CASES VINTAGE CHRISTMAS, PAPER CHAIN KIT 50'S CHRISTMAS, PAPER CHAIN KIT VINTAGE CHRISTMAS",3,0.0817
HANGING HEART JAR T-LIGHT HOLDER,1,0.0817
ASSORTED COLOUR BIRD ORNAMENT,1,0.0817
"CHARLIE+LOLA PINK HOT WATER BOTTLE, SUKI  SHOULDER BAG",2,0.0817
LIPSTICK PEN RED,1,0.0817
ENGLISH ROSE NOTEBOOK A7 SIZE,1,0.0817
STRAWBERRY SHOPPER BAG,1,0.0817
"JAM MAKING SET PRINTED, ROTATING LEAVES T-LIGHT HOLDER, SUKI  SHOULDER BAG",3,0.0817
"JUMBO BAG RED RETROSPOT, RECYCLING BAG RETROSPOT",2,0.0817
"ROTATING LEAVES T-LIGHT HOLDER, SKULL SHOULDER BAG, SUKI  SHOULDER BAG",3,0.0817
"RED TOADSTOOL LED NIGHT LIGHT, WOODLAND CHARLOTTE BAG",2,0.0817
"GREEN REGENCY TEACUP AND SAUCER, PINK REGENCY TEACUP AND SAUCER, ROSES REGENCY TEACUP AND SAUCER",3,0.0807
"60 TEATIME FAIRY CAKE CASES, PACK OF 60 PINK PAISLEY CAKE CASES",2,0.0807
"ALARM CLOCK BAKELIKE GREEN, PAPER CHAIN KIT 50'S CHRISTMAS",2,0.0807
RED KITCHEN SCALES,1,0.0807
"JAM MAKING SET PRINTED, MODERN FLORAL STATIONERY SET, SUKI  SHOULDER BAG",3,0.0807
"ALARM CLOCK BAKELIKE GREEN, PACK OF 72 RETROSPOT CAKE CASES",2,0.0807
"CHARLOTTE BAG SUKI DESIGN, RECIPE BOX PANTRY YELLOW DESIGN",2,0.0807
"PACK OF 72 RETROSPOT CAKE CASES, VINTAGE SNAP CARDS",2,0.0807
"PACK OF 72 RETROSPOT CAKE CASES, PACK OF 72 SKULL CAKE CASES",2,0.0807
"NATURAL SLATE HEART CHALKBOARD, SUKI  SHOULDER BAG",2,0.0807
"MODERN FLORAL STATIONERY SET, SKULL SHOULDER BAG",2,0.0807
"RECIPE BOX PANTRY YELLOW DESIGN, REGENCY CAKESTAND 3 TIER",2,0.0807
"MODERN FLORAL STATIONERY SET, ROTATING LEAVES T-LIGHT HOLDER",2,0.0807
"FLORAL FOLK STATIONERY SET, JUMBO BAG RED RETROSPOT",2,0.0807
"GREEN REGENCY TEACUP AND SAUCER, SUKI  SHOULDER BAG",2,0.0807
"PAPER CHAIN KIT 50'S CHRISTMAS, PAPER CHAIN KIT VINTAGE CHRISTMAS, REGENCY CAKESTAND 3 TIER",3,0.0807
"PACK OF 72 RETROSPOT CAKE CASES, RED RETROSPOT CHARLOTTE BAG, STRAWBERRY CHARLOTTE BAG",3,0.0807
